paper,transmission electron microscopy,stacking faults,scanning transmission electron microscopy,crystal defects,threading dislocations,gan,defect density,epitaxial growth,dislocation density,structural defects,cathodoluminescence,atomic-resolution imaging,misfit dislocations,2d materials,electron energy loss spectroscopy,point defects,heteroepitaxy,defect characterization,dislocations,aberration-corrected stem,gaas on si,molecular beam epitaxy,extended defects,thermal annealing,semiconductor defects,dislocation loops,planar defects,burgers vector,semiconductor heterostructures,nanostructures,tem analysis,electron probe,electronic structure,structure-property relationship,transition metal dichalcogenides,electron beam induced current,inversion domain boundaries,multicrystalline silicon,in situ tem,inversion domains,electron microscopy,electron-beam-induced current,czochralski silicon,gaas,electron energy-loss spectroscopy,metalorganic vapor phase epitaxy,transmission electron microscope,electrically active defects,nanocrystals,partial dislocations,high-resolution electron microscopy,energy dispersive x-ray spectroscopy,p-n junction,semiconductor devices,vacancy clusters,grain boundaries,epilayer,crystal structure,electron optics,atomic structure,electron diffraction,stem,silicon wafer,defect formation,dislocation tangles,photoluminescence,electrical activity,high-resolution transmission electron microscopy,quantum well,defect localization,cross-sectional tem,impurity atoms,diffusion length,chemical analysis,gaas epilayer,carrier lifetime,defect formation mechanism,high-angle annular dark-field,spatial resolution,structural analysis
Study of the Characteristics of Defects in the Oxidation-induced Stacking Fault-Ring Area in Czochralski Silicon Crystals by Multi-chroic Infrared Light Scattering Tomography and Transmission Electron Microscopy,"Study of the Characteristics of Defects in the Oxidation-induced Stacking Fault-Ring Area in Czochralski Silicon Crystals by Multi-chroic Infrared Light Scattering Tomography and Transmission Electron Microscopy, Ma, Minya, Irisawa, Toshiharu, Ogawa, Tomoya, Frigeri, Cesare",,,,,,,,,,,,,,,,,,,,,,,,,,,,,,,,,,,,,,,,"Study of the Characteristics of Defects in the Oxidation-induced Stacking Fault-Ring Area in Czochralski Silicon Crystals by Multi-chroic Infrared Light Scattering Tomography and Transmission Electron Microscopy, Ma, Minya, Irisawa, Toshiharu, Ogawa, Tomoya, Frigeri, Cesare",,"Study of the Characteristics of Defects in the Oxidation-induced Stacking Fault-Ring Area in Czochralski Silicon Crystals by Multi-chroic Infrared Light Scattering Tomography and Transmission Electron Microscopy, Ma, Minya, Irisawa, Toshiharu, Ogawa, Tomoya, Frigeri, Cesare",,,,,,,,,,,,,,,,,,,,,,,,,,,,,,,,,,,,,
Atomic Resolution Scanning Transmission Electron Microscopy of Two-Dimensional Layered Transition Metal Dichalcogenides,,,,,,,,,,,,,,,,,,,,,,,,,,,,,,,,,,,,,,,,,,,,,,,,,,,,,,,,,,,,,,,,,,,,,,,,,,,,,,,,
An optical and transmission electron microscopy study of deformation-induced defects in 6H-SiC,"Subsequent to the deformation tests, optical and transmission electron microscopy were used to study the deformation-induced defects such as stacking faults, deformation kinks, and cracks.","Subsequent to the deformation tests, optical and transmission electron microscopy were used to study the deformation-induced defects such as stacking faults, deformation kinks, and cracks.",,,,,,,,,,,,,,,,,,,,,,,,,,,,,,,,,,,,,,,"Subsequent to the deformation tests, optical and transmission electron microscopy were used to study the deformation-induced defects such as stacking faults, deformation kinks, and cracks.",,,,,,,,,,,,,,,,,,,,,Deformation tests were conducted on 6H-SiC in an orientation favourable for activation of the (2110)(0001) slip system.,,,,,,,,,,,,,,,,,,
Transmission-electron microscopy study of the shape of buried ${\mathrm{In}}_{x}{\mathrm{Ga}}_{1\ensuremath{-}x}\mathrm{A}\mathrm{s}/\mathrm{G}\mathrm{a}\mathrm{A}\mathrm{s}$ quantum dots,,,,,,,,,,,,,,,,,,,,,,,,,,,,,These observations lead to the conclusion that the quantum dots in buried In0.6⁢Ga0.4⁢A⁢s/G⁡a⁢A⁢s semiconductor heterostructures are lens shaped.,,,,,,,,,,,,"High-resolution electron microscopy, on-zone bright-field imaging, and image simulation were used to investigate the shape of capped In0.6⁢Ga0.4⁢A⁢s/G⁡a⁢A⁢s semiconductor quantum dots.",,,,,,,,,,"High-resolution electron microscopy, on-zone bright-field imaging, and image simulation were used to investigate the shape of capped In0.6⁢Ga0.4⁢A⁢s/G⁡a⁢A⁢s semiconductor quantum dots.",,,,,,,,,,,,,,,,,,,,,,,,,,,,,
Transmission Electron Microscopy of Shape-Controlled Nanocrystals and Their Assemblies,Transmission electron microscopy (TEM) is a powerful and unique technique for structure characterization.,,,,,,,,,,,,,,,,,,,,,,,,,,,,,"In situ TEM is demonstrated for characterizing and measuring the thermodynamic, electric, and mechanical properties of individual nanostructures, from which the structure−property relationship can be registered with a specific nanoparticle/structure.",,"By forming a nanometer size electron probe, TEM is unique in identifying and quantifying the chemical and electronic structure of individual nanocrystals.","By forming a nanometer size electron probe, TEM is unique in identifying and quantifying the chemical and electronic structure of individual nanocrystals.",,,,,,"In situ TEM is demonstrated for characterizing and measuring the thermodynamic, electric, and mechanical properties of individual nanostructures, from which the structure−property relationship can be registered with a specific nanoparticle/structure.",,Transmission electron microscopy (TEM) is a powerful and unique technique for structure characterization.,,,,Electron energy-loss spectroscopy analysis of the solid-state effects and mapping the valence states are even more attractive.,,,,"This article introduces the fundamentals of TEM and its applications in structural determination of shape-controlled nanocrystals and their assemblies. | By forming a nanometer size electron probe, TEM is unique in identifying and quantifying the chemical and electronic structure of individual nanocrystals.",,,,,,,,,,,,,,,,,,,,,,,,,,,,,,,
TEM Observation of Crack- and Pit-Shaped Defects in Electrically Degraded GaN HEMTs,AlGaN/GaN high-electron mobility transistors stressed under dc bias at various channel temperatures were studied using transmission electron microscopy for evidence of physical damage.,,,,,"AlGaN/GaN high-electron mobility transistors stressed under dc bias at various channel temperatures were studied using transmission electron microscopy for evidence of physical damage. | Stressed devices consistently developed crack- and pit-shaped defects in the AlGaN/GaN crystal material under the drain-side edge of the gate, whereas side-by-side as-processed unstressed devices did not show these features.",,,,,,,,,,,,,,,,,,,,,,,,,,,,,,,,,,,AlGaN/GaN high-electron mobility transistors stressed under dc bias at various channel temperatures were studied using transmission electron microscopy for evidence of physical damage.,,,,,,,,,,,,,,,,,,,,,,,,,,,,,,,,,,,,,,,
In Situ Transmission Electron Microscopy Characterization and Manipulation of Two-Dimensional Layered Materials beyond Graphene,"Transmission electron microscopy (TEM), with its high spatial resolution and versatile external fields, is undoubtedly a powerful tool for the static characterization and dynamic manipulation of nanomaterials and nanodevices at the atomic scale.",,,,,,,,,,,,,,,,,,,,,,,,,,,,,,,,,,,,,,"In this Review, the dynamic properties tailored and observed by the most advanced and unprecedented in situ TEM technology are introduced.",,"Transmission electron microscopy (TEM), with its high spatial resolution and versatile external fields, is undoubtedly a powerful tool for the static characterization and dynamic manipulation of nanomaterials and nanodevices at the atomic scale.",,,,,,,,,,,,,,,,,,,,,"The rapid development of thin-film and precision microelectromechanical systems (MEMS) techniques allows 2D layered materials and nanodevices to be probed and engineered inside TEM under external stimuli such as thermal, electrical, mechanical, liquid/gas environmental, optical, and magnetic fields at the nanoscale.",,,,,,,,,,,,,,,,,"Transmission electron microscopy (TEM), with its high spatial resolution and versatile external fields, is undoubtedly a powerful tool for the static characterization and dynamic manipulation of nanomaterials and nanodevices at the atomic scale.",
Stable Defects in Semiconductor Nanowires,,,,,,,,,,,"Studies of individual nanowires using cathodoluminescence show that optical emission is quenched in defective regions, showing that they act as strong nonradiative recombination centers.",,,,,,,,"Here, we describe previously undiscovered topologically protected line defects with null Burgers vector that, unlike dislocations, are stable in nanoscale crystals. | We find two new line defects with a null Burgers vector, formed from the combination of partial dislocations in twinned material.",,,,,,,,,"Here, we describe previously undiscovered topologically protected line defects with null Burgers vector that, unlike dislocations, are stable in nanoscale crystals. | Our observations show that the nanowire microstructure is very different from bulk material, with line defects either (a) trapped by locks or other defects, (b) arranged as dipoles or groups with a zero total Burgers vector, or (c) have a zero Burgers vector. | We find two new line defects with a null Burgers vector, formed from the combination of partial dislocations in twinned material. | The most common defect is the three-monolayer high twin facet with a zero Burgers vector.",,,,,,,,,,,,,,,,,,,,,,"We find two new line defects with a null Burgers vector, formed from the combination of partial dislocations in twinned material.",,,,,,,,,,,,,,,,,,,,,,,,,,,,,,
Study of Multi-twin Defects Generated in GaAs and InP Films on Nanopatterned Si via Transmission Electron Microscopy,We investigated defect generation in GaAs and InP on various blanket Si substrates and Si patterns with nanosized trench structures via transmission electron microscopy.,"Defects that formed in a specific direction, and shapes similar to those stacking faults or twin boundaries (TWs) were confirmed.",,,,,,,,,,,,,,,,,,,,,,,,,,,,,,,,,,,,,,,We investigated defect generation in GaAs and InP on various blanket Si substrates and Si patterns with nanosized trench structures via transmission electron microscopy.,,,We investigated defect generation in GaAs and InP on various blanket Si substrates and Si patterns with nanosized trench structures via transmission electron microscopy. | The dependences of types of defects on the substrate orientation and the pattern size in GaAs and InP on nanosized patterns were analyzed.,,,,,,,,,,,,,,,,,,,,,,,,,,,,,,,,,,,,
Unlocking Insights into 3D Transistor Defects: The Power of Supplementing TEM with Elemental Electron Tomography,"This study investigates the application of 3D electron tomography to enhance transmission electron microscopy (TEM)-based failure analysis of 3D FinFET transistors. | Leveraging scanning transmission electron microscopy (STEM) and energy dispersive X-ray spectroscopy (EDS) tomography techniques, the study presents detailed examinations of two semiconductor samples exhibiting high leakage currents.",,"Leveraging scanning transmission electron microscopy (STEM) and energy dispersive X-ray spectroscopy (EDS) tomography techniques, the study presents detailed examinations of two semiconductor samples exhibiting high leakage currents.",,,,,,,,,,,,,,,"Traditional TEM analysis is challenged by projection effects due to the thickness of the sample, complicating accurate defect characterization in miniaturized semiconductor structures.",,,,,,,,,,,,,"Traditional TEM analysis is challenged by projection effects due to the thickness of the sample, complicating accurate defect characterization in miniaturized semiconductor structures.",,,,,,,,,,"This study investigates the application of 3D electron tomography to enhance transmission electron microscopy (TEM)-based failure analysis of 3D FinFET transistors. | Leveraging scanning transmission electron microscopy (STEM) and energy dispersive X-ray spectroscopy (EDS) tomography techniques, the study presents detailed examinations of two semiconductor samples exhibiting high leakage currents.",,,,,,,,,,,"Leveraging scanning transmission electron microscopy (STEM) and energy dispersive X-ray spectroscopy (EDS) tomography techniques, the study presents detailed examinations of two semiconductor samples exhibiting high leakage currents.",,,,,,,,,,"Leveraging scanning transmission electron microscopy (STEM) and energy dispersive X-ray spectroscopy (EDS) tomography techniques, the study presents detailed examinations of two semiconductor samples exhibiting high leakage currents.",,,,,,,,,,,,,,,,,,
Understanding individual defects in CdTe thin-film solar cells via STEM: From atomic structure to electrical activity,"A variety of experimental methods, including aberration-corrected scanning transmission electron microscopy, electron energy loss spectroscopy, energy dispersive X-ray spectroscopy, and electron-beam-induced current have been combined with density-functional theory.",,"A variety of experimental methods, including aberration-corrected scanning transmission electron microscopy, electron energy loss spectroscopy, energy dispersive X-ray spectroscopy, and electron-beam-induced current have been combined with density-functional theory.",,,,,,,,,,,,"A variety of experimental methods, including aberration-corrected scanning transmission electron microscopy, electron energy loss spectroscopy, energy dispersive X-ray spectroscopy, and electron-beam-induced current have been combined with density-functional theory.",,,,"The research traces the connections between the structures and electrical activities of individual defects including intra-grain partial dislocations, grain boundaries and the CdTe/CdS interface.",,,,,,,,,,,,,,,,,,,,,,"A variety of experimental methods, including aberration-corrected scanning transmission electron microscopy, electron energy loss spectroscopy, energy dispersive X-ray spectroscopy, and electron-beam-induced current have been combined with density-functional theory.","A variety of experimental methods, including aberration-corrected scanning transmission electron microscopy, electron energy loss spectroscopy, energy dispersive X-ray spectroscopy, and electron-beam-induced current have been combined with density-functional theory.",,,,,,,,"The research traces the connections between the structures and electrical activities of individual defects including intra-grain partial dislocations, grain boundaries and the CdTe/CdS interface.",,"A variety of experimental methods, including aberration-corrected scanning transmission electron microscopy, electron energy loss spectroscopy, energy dispersive X-ray spectroscopy, and electron-beam-induced current have been combined with density-functional theory.",,,,"The research traces the connections between the structures and electrical activities of individual defects including intra-grain partial dislocations, grain boundaries and the CdTe/CdS interface.",,,,,,Here we review a systematic study of the structure-property correlations of a series of defects in CdTe solar cells.,,,,,,,,,,,,,,,,,,
Annealing of hydrogen-induced defects in RF-plasma-treated Si wafers: ex situ and in situ transmission electron microscopy studies,"The samples are studied by transmission electron microscopy (TEM), before and after annealing.",,,,,,,,,The smart-cut™ process is based on inducing and processing structural defects below the free surface of semiconductor wafers.,,,,,,,,,,,,,,,,,The TEM microstructural studies indicate a partial healing of the planar defects and a size increase of the nanometric cavities by a coalescence process of the small neighbouring nanocavities.,,,,,,,,,,,,,,"The samples are studied by transmission electron microscopy (TEM), before and after annealing.",,,,,,,,,,,,,,,,,,,,,,,,,,,,,,,,,,,,,,,
Role of Electron Microscopy in Semiconductor Electronic Defects Analysis,A review of the Transmission Electron Microscopy and Scanning Transmission Electron Microscopy techniques used for electronic defect identification is presented.,,A review of the Transmission Electron Microscopy and Scanning Transmission Electron Microscopy techniques used for electronic defect identification is presented.,,,,,,,,,,,,,,,,,,,,,,,,,,,,,,,,,,,,,,A review of the Transmission Electron Microscopy and Scanning Transmission Electron Microscopy techniques used for electronic defect identification is presented.,,,,,,,,,,,,,,,,,,,,,"The structural, chemical and STEM based spectroscopy methods for electronic defect analysis are discussed along with selected examples.",,,,,,,,,,,,,,,,,,
Transmission electron microscopy of interfaces in III–V compound semiconductors,,,,,,,,,,,,,,,,,,,,,,,,,,,,,,,,,,,,,,,,,,,,"By combining the excellent control of the molecular‐beam‐epitaxy deposition technique to fabricate ’’interface superlattices’’ with high‐resolution dark‐field and lattice‐imaging TEM techniques, the interface roughness between ultrathin GaAs and AlAs films have been analyzed on an atomic scale. | Interdiffusion at GaAs and AlAs interfaces is also discussed, and two methods which make use of ’’interface superlattices’’ are presented.",,,,,,,,,,,,,,,,,,They allow for rapid and precise measurements of diffusion profiles and diffusion length as small as 2.83 Å for this system.,,,,,,,,,,,They allow for rapid and precise measurements of diffusion profiles and diffusion length as small as 2.83 Å for this system.,,,,,,,
A transmission electron microscopy quantitative study of the growth kinetics of H platelets in Si,"In this letter, rigorous statistical methods based on transmission electron microscopy have been used to quantitatively study the thermal behavior of these defects.",,,,,,,,,,,,,,,,,,,,,,"Proton implantation and thermal annealing of silicon result in the formation of a specific type of extended defects involving hydrogen, named “platelets” or “cavities.” These defects have been related to the exfoliation mechanism on which a newly developed process to transfer thin films of silicon onto various substrates is based.","Proton implantation and thermal annealing of silicon result in the formation of a specific type of extended defects involving hydrogen, named “platelets” or “cavities.” These defects have been related to the exfoliation mechanism on which a newly developed process to transfer thin films of silicon onto various substrates is based.",,,,,,,,,,,,,,,,,"In this letter, rigorous statistical methods based on transmission electron microscopy have been used to quantitatively study the thermal behavior of these defects.",,,,,,,,,,,,,,,,,,,,,,,,,,,,,,,,,,,,,,,
In situ transmission electron microscopy study of the formation and migration of vacancy defects in atomically thin black phosphorus,"In this work, we investigated the formation, aggregation, and diffusion of vacancy defects in atomically thin black phosphorus (BP) via in situ high-resolution transmission electron microscopy.",,,,,,,,,"Structural defects play an important role in the optimization of material structures and properties, especially in low-dimensional systems such as two-dimensional (2D) materials. | tetra-vacancy and TV), and vacancy lines were confirmed as the primary forms of structural defects in BP.",,,,,,,,,,,,,,,,,,,,,,,"Ab initio calculations were conducted to reveal the vacancy migration pathway, energy landscape, and modifications to the electronic structure of the host BP monolayers (MLs). | Calculations further confirmed that the presence of vacancy defects induced considerable electronic structure modification of the host ML-BP; for example, the bandgap was reduced from 0.9 eV (for defect-free ML-BP) to 0.7 eV in the presence of vacancy lines with a concentration of 1.2 at.%. | The present study expands the current understanding of the formation and dynamic behaviors of primary vacancy defects and illustrates methods available to alter the electronic structures of 2D BP materials.",,,,,,,,"In this work, we investigated the formation, aggregation, and diffusion of vacancy defects in atomically thin black phosphorus (BP) via in situ high-resolution transmission electron microscopy.",,,,,,,,,,,,,,"Vacancy defects including di-vacancies (DVs), vacancy clusters (e.g.",,,,,,,"Structural defects play an important role in the optimization of material structures and properties, especially in low-dimensional systems such as two-dimensional (2D) materials.",,,,,,"In this work, we investigated the formation, aggregation, and diffusion of vacancy defects in atomically thin black phosphorus (BP) via in situ high-resolution transmission electron microscopy.",,,,,,,,,,,,
Structure of defects in semiconductor crystalline cubic boron nitride. A microstructural and micro analytical investigation,,,,,,,,,,,,,,,,Previous electron spin resonance investigations correlated with data from cathodoluminscence and photoluminescence measurements have shown that impurity ions consisting mainly of isotopes with zero nuclear moments are involved in the structure of the observed paramagnetic point defects.,,,,,,,,,,,,,,,,,,,,,,,,,,,,,,,,,,,,,,,,,,,,,,,,,,Previous electron spin resonance investigations correlated with data from cathodoluminscence and photoluminescence measurements have shown that impurity ions consisting mainly of isotopes with zero nuclear moments are involved in the structure of the observed paramagnetic point defects.,,,,,,"In the present microstructural and compositional investigation we demonstrate that oxygen, carbon and silicon impurity atoms exhibiting low natural content of isotopes with non-zero nuclear spin are indeed present in cBN crystallites selected from amber coloured BORAZON CBN400 and CBN 500 super abrasive powders, as well as in the black coloured BORAZON CBN1000 and CBN Type 1. | It is also shown that aggregates of impurity atoms are present next to the extended cBN lattice defects, which could explain the non-uniform distribution of the electro- and opto-active impurities reported in a spectroscopy investigation.",,,,,,,,
Defects and defect reduction processing in semiconductor heterostructures,Transmission electron microscopy has been used to study the dislocation density reduction and the interaction of threading dislocations with the strained layers.,,,,Threading dislocations in the epilayer are the most prominent defects and their density has to be controlled to fully utilize the properties of semiconductor heterostructures. | Several superlattice structures have been used to reduce the density of threading dislocations in the GaAs epilayer. | Transmission electron microscopy has been used to study the dislocation density reduction and the interaction of threading dislocations with the strained layers.,,The full potential of GaAs on Si heterostructures can only be realized by controlling the defect density.,,"Various processes to reduce defect densities in the epilayers have been discussed and in particular, the use of strained layer superlattices to reduce the threading dislocation density has been presented in this paper. | In this study, we have optimized the use of strained layer superlattices with respect to the position, period and number to reduce and control the dislocation density. | The use of strained layer superlattices in conjunction with rapid thermal annealing was found to be the most effective method in reducing threading dislocation density. | Transmission electron microscopy has been used to study the dislocation density reduction and the interaction of threading dislocations with the strained layers.",,,,The nature of misfit dislocations at the heterointerface has been studied and a mechanism for the formation of 60&#x00B0; and 90&#x00B0; misfit dislocations has been proposed.,,,,,,Defects such as dislocations and interfaces play a crucial role in the performance of heterostructure devices. | The nature of misfit dislocations at the heterointerface has been studied and a mechanism for the formation of 60&#x00B0; and 90&#x00B0; misfit dislocations has been proposed. | Threading dislocations in the epilayer are the most prominent defects and their density has to be controlled to fully utilize the properties of semiconductor heterostructures. | Several superlattice structures have been used to reduce the density of threading dislocations in the GaAs epilayer. | Transmission electron microscopy has been used to study the dislocation density reduction and the interaction of threading dislocations with the strained layers.,,The full potential of GaAs on Si heterostructures can only be realized by controlling the defect density.,,,The use of strained layer superlattices in conjunction with rapid thermal annealing was found to be the most effective method in reducing threading dislocation density.,,,,,Threading dislocations in the epilayer are the most prominent defects and their density has to be controlled to fully utilize the properties of semiconductor heterostructures.,,,,,,,,,,,,Transmission electron microscopy has been used to study the dislocation density reduction and the interaction of threading dislocations with the strained layers.,,,The full potential of GaAs on Si heterostructures can only be realized by controlling the defect density. | Several superlattice structures have been used to reduce the density of threading dislocations in the GaAs epilayer.,,,,,,,,,,,,,"Threading dislocations in the epilayer are the most prominent defects and their density has to be controlled to fully utilize the properties of semiconductor heterostructures. | Various processes to reduce defect densities in the epilayers have been discussed and in particular, the use of strained layer superlattices to reduce the threading dislocation density has been presented in this paper. | Several superlattice structures have been used to reduce the density of threading dislocations in the GaAs epilayer.",,,,,,,,,,,,,,,,,,Several superlattice structures have been used to reduce the density of threading dislocations in the GaAs epilayer.,,,,,
Structure and bonding at the atomic scale by scanning transmission electron microscopy,,,,,,,,,,,,,,,,,,,,,,,,,,,,,,Advances in electron optics have enabled the imaging and spectroscopy of these buried interface states and other nanostructures with atomic resolution.,,,,,,,,,,,,,,,,,,,,,,,,,,,,,Advances in electron optics have enabled the imaging and spectroscopy of these buried interface states and other nanostructures with atomic resolution.,,,"All of these systems are made up of dissimilar materials that, where they join at the atomic scale, display very different behaviour from what might be expected of the bulk materials.",,,,,,,,,,,,,,,,,,
Open‐core screw dislocations in GaN epilayers observed by scanning force microscopy and high‐resolution transmission electron microscopy,Structural investigations of organometallic vapor phase epitaxy grown α‐GaN films using high‐resolution transmission electron microscopy and scanning force microscopy have revealed the presence of tunnel‐like defects with 35–500 Å radii that are aligned along the growth direction of the crystal and penetrate the entire epilayer.,,,,,Structural investigations of organometallic vapor phase epitaxy grown α‐GaN films using high‐resolution transmission electron microscopy and scanning force microscopy have revealed the presence of tunnel‐like defects with 35–500 Å radii that are aligned along the growth direction of the crystal and penetrate the entire epilayer.,,,,,,,,,,,,,Either one or two pairs of monolayer‐height spiral steps were observed to emerge from the surface craters which allowed us to conclude that nanopipes are the open cores of screw dislocations.,,,,,,,,,,,,,,,,,,,,,,Structural investigations of organometallic vapor phase epitaxy grown α‐GaN films using high‐resolution transmission electron microscopy and scanning force microscopy have revealed the presence of tunnel‐like defects with 35–500 Å radii that are aligned along the growth direction of the crystal and penetrate the entire epilayer.,,,,,,,,,,,,,,,,Structural investigations of organometallic vapor phase epitaxy grown α‐GaN films using high‐resolution transmission electron microscopy and scanning force microscopy have revealed the presence of tunnel‐like defects with 35–500 Å radii that are aligned along the growth direction of the crystal and penetrate the entire epilayer.,,,,,,,,,,,,,,,,,,,,,,,
Direct Determination of Band Gap of Defects in a Wide Band Gap Semiconductor,The atomic structure and band gap of three types of inversion domain boundaries (IDBs) in AlN were determined using aberration-corrected transmission electron microscopy and atomic-resolution valence electron energy-loss spectroscopy.,,,Crystal defects play an important role in the degradation and failure of semiconductor materials and devices.,,,,,,,,,,,,,,,,,,,,,,,,,,,,,,,,,The atomic structure and band gap of three types of inversion domain boundaries (IDBs) in AlN were determined using aberration-corrected transmission electron microscopy and atomic-resolution valence electron energy-loss spectroscopy.,,,,The atomic structure and band gap of three types of inversion domain boundaries (IDBs) in AlN were determined using aberration-corrected transmission electron microscopy and atomic-resolution valence electron energy-loss spectroscopy.,,,,The atomic structure and band gap of three types of inversion domain boundaries (IDBs) in AlN were determined using aberration-corrected transmission electron microscopy and atomic-resolution valence electron energy-loss spectroscopy.,,,,,,,,,,,,,,,The atomic structure and band gap of three types of inversion domain boundaries (IDBs) in AlN were determined using aberration-corrected transmission electron microscopy and atomic-resolution valence electron energy-loss spectroscopy.,,,,,,,,,,,,,,,,,,,,
Characterisation of 3D-GaN/InGaN core-shell nanostructures by transmission electron microscopy,,,,,,Transmission and scanning electron microscopy have been used to characterise GaN/InGaN 3D nanostructures grown on patterned GaN/sapphire substrates by metal organic vapour phase epitaxy (MOVPE).,,,,,,,,,,,,,,,,,,,,,,,,"Transmission and scanning electron microscopy have been used to characterise GaN/InGaN 3D nanostructures grown on patterned GaN/sapphire substrates by metal organic vapour phase epitaxy (MOVPE). | It has been found that the growth of well ordered arrays of such nanostructures, containing multiple quantum wells on non-polar side-facets, can be achieved with a low density of defects.",,,,,,,,,,,Transmission and scanning electron microscopy have been used to characterise GaN/InGaN 3D nanostructures grown on patterned GaN/sapphire substrates by metal organic vapour phase epitaxy (MOVPE).,,,,,,,,,,,,,,,,,,,,,,,,,,,,"It has been found that the growth of well ordered arrays of such nanostructures, containing multiple quantum wells on non-polar side-facets, can be achieved with a low density of defects.",,,,,,,,,,,
Observing and measuring strain in nanostructures and devices with transmission electron microscopy,,,,,,,,,,,,,,,,,,,,,,,,,,,,,,", The evolution of elastic strain engineering in nanostructures and devices requires characterization tools that can be used to not only observe but also quantify the actual strain in a sample, whether this strain is intrinsic or applied.",,,,,,,,,,,,,,,,,Strain contrast in crystalline samples has always been one of the primary contrast mechanisms used for imaging the microstructure of a material in a transmission electron microscope (TEM).,,,,,,,"Examples are given for measuring strain in semiconductor devices using imaging, diffraction, and holographic techniques.",,,,,,,,,,,,,,,,,,,,,,,,,"In this regard, TEM is a particularly powerful tool due to its ability to spatially resolve strain information with high precision and spatial resolution.",
"Direct observation of Cu, Zn cation disorder in Cu2ZnSnS4 solar cell absorber material using aberration corrected scanning transmission electron microscopy",,,,,,,,,,,,,,,,,,,,,,,,,,,,,,,,,,,,,,,,,,,,,,,,,,,,,,,,,,Chemical analysis of individual atom columns was carried out to determine the crystal structure and local point defect chemistry of Cu2ZnSnS4.,,,,,,,,Photoluminescence confirmed the presence of a broad donor–acceptor transition consistent with the observed cation disorder.,,,,,,,,Chemical analysis of individual atom columns was carried out to determine the crystal structure and local point defect chemistry of Cu2ZnSnS4.,,"Furthermore, electrons and holes ‘trapped’ within potential wells in close proximity have a high probability of recombining, so that the carrier lifetime is also reduced.",,,,
Direct Visualization of Local Electromagnetic Field Structures by Scanning Transmission Electron Microscopy,"In recent years, rapid progress in the development of high-speed area detectors for aberration-corrected scanning transmission electron microscopy (STEM) with sub-angstrom spatial resolution has opened new possibilities to directly image such electromagnetic field structures at very high-resolution.In this Account, we give an overview of our recent development of differential phase contrast (DPC) microscopy for aberration-corrected STEM and its application to many materials problems.",,"In recent years, rapid progress in the development of high-speed area detectors for aberration-corrected scanning transmission electron microscopy (STEM) with sub-angstrom spatial resolution has opened new possibilities to directly image such electromagnetic field structures at very high-resolution.In this Account, we give an overview of our recent development of differential phase contrast (DPC) microscopy for aberration-corrected STEM and its application to many materials problems.",,,,,,,,,"These detectors also have atomic-resolution imaging capability. | If we use DPC STEM for atomic-resolution imaging using a sub-angstrom size electron probe, it has been shown that we can directly observe the atomic electric field inside atoms within crystals and even inside single atoms, the field between the atomic nucleus and the surrounding electron cloud, which possesses information about the atomic species, local chemical bonding and charge redistribution between bonded atoms.",,,,,,,,"In recent years, rapid progress in the development of high-speed area detectors for aberration-corrected scanning transmission electron microscopy (STEM) with sub-angstrom spatial resolution has opened new possibilities to directly image such electromagnetic field structures at very high-resolution.In this Account, we give an overview of our recent development of differential phase contrast (DPC) microscopy for aberration-corrected STEM and its application to many materials problems.",,,,,,,,,,"This possibility may open an alternative way for directly visualizing atoms and nanostructures, that is, seeing atoms as an entity of electromagnetic fields that reflect the intra- and interatomic electronic structures.",,"If we use DPC STEM for atomic-resolution imaging using a sub-angstrom size electron probe, it has been shown that we can directly observe the atomic electric field inside atoms within crystals and even inside single atoms, the field between the atomic nucleus and the surrounding electron cloud, which possesses information about the atomic species, local chemical bonding and charge redistribution between bonded atoms.","This possibility may open an alternative way for directly visualizing atoms and nanostructures, that is, seeing atoms as an entity of electromagnetic fields that reflect the intra- and interatomic electronic structures.",,,,,,,,"In recent years, rapid progress in the development of high-speed area detectors for aberration-corrected scanning transmission electron microscopy (STEM) with sub-angstrom spatial resolution has opened new possibilities to directly image such electromagnetic field structures at very high-resolution.In this Account, we give an overview of our recent development of differential phase contrast (DPC) microscopy for aberration-corrected STEM and its application to many materials problems.",,,"For example, DPC STEM can clearly visualize the local electric field variation due to the abrupt potential change across a p-n junction in a GaAs semiconductor, which cannot be observed by normal in-focus bright-field or annular type dark-field STEM imaging modes.",,,,,,,,,"For example, DPC STEM can clearly visualize the local electric field variation due to the abrupt potential change across a p-n junction in a GaAs semiconductor, which cannot be observed by normal in-focus bright-field or annular type dark-field STEM imaging modes.",,,,,,,,,"In recent years, rapid progress in the development of high-speed area detectors for aberration-corrected scanning transmission electron microscopy (STEM) with sub-angstrom spatial resolution has opened new possibilities to directly image such electromagnetic field structures at very high-resolution.In this Account, we give an overview of our recent development of differential phase contrast (DPC) microscopy for aberration-corrected STEM and its application to many materials problems. | In recent years, we have developed segmented-type STEM detectors which divide the detector plane into 16 segments and enable simultaneous imaging of 16 STEM images which are sensitive to the positions and angles of transmitted/scattered electrons on the detector plane. | Using these segmented-type STEM detectors, we show DPC STEM imaging to be a very powerful tool for directly imaging local electromagnetic field structures in materials and devices in real space. | For example, DPC STEM can clearly visualize the local electric field variation due to the abrupt potential change across a p-n junction in a GaAs semiconductor, which cannot be observed by normal in-focus bright-field or annular type dark-field STEM imaging modes. | DPC STEM is also very effective for imaging magnetic field structures in magnetic materials, such as magnetic domains and skyrmions. | If we use DPC STEM for atomic-resolution imaging using a sub-angstrom size electron probe, it has been shown that we can directly observe the atomic electric field inside atoms within crystals and even inside single atoms, the field between the atomic nucleus and the surrounding electron cloud, which possesses information about the atomic species, local chemical bonding and charge redistribution between bonded atoms. | In this Account, the current status of aberration-corrected DPC STEM is highlighted, along with some applications in real material and device studies.",,,,,,,,,,,,,,,,,"In recent years, rapid progress in the development of high-speed area detectors for aberration-corrected scanning transmission electron microscopy (STEM) with sub-angstrom spatial resolution has opened new possibilities to directly image such electromagnetic field structures at very high-resolution.In this Account, we give an overview of our recent development of differential phase contrast (DPC) microscopy for aberration-corrected STEM and its application to many materials problems.",
Imaging and spectroscopy of defects in semiconductors using aberration-corrected STEM,,,,,,,,,,,,,,,,,,,,,,,,,,,,,,,,"Today, electron probes with diameters well below 1 Å are available thanks to the improved electron optics.",,,,,,,,,,,,,Simultaneous acquisition of image signals and electron energy-loss spectroscopy data provides means of characterization of defect structures in semiconductors with unprecedented detail. | Electron energy-loss spectroscopy shows significant changes of the silicon valence state across the interface structure.,,The sensitivity to detect and localize such single atoms has been greatly improved by the development of aberration correctors for scanning transmission electron microscopes.,,,,,,,,,,,,"Today, electron probes with diameters well below 1 Å are available thanks to the improved electron optics.",,,,,,,,,,,,,The distribution of single dopant or impurity atoms can dramatically alter the properties of semiconductor materials.,,,,,,,"In addition to an improvement of the lateral spatial resolution, depth sensitivity is greatly enhanced because of the availability of larger probe forming angles.",
Observation of [100] and [010] dark line defects in optically degraded znsse-based leds by transmission electron microscopy,We have used transmission electron microscopy to study the [100] and [010] dark line defects (DLDs) produced after photodegradation of a ZnSSe-based/GaAs heterostructure.,"Our results also show that after photodegradation the grownin or pre-existing Frank-type stacking faults become tangles of dislocations. | In contrast, the Shockley-type stacking faults remained unchanged for the photodegradation conditions studied indicating that they are more resistant to photodegradation than the Frank-type stacking faults. | Our results suggest that the Frank-type stacking faults are the sources of the DLDs.",,,,,,,,,,,,,,,,,Our results also show that after photodegradation the grownin or pre-existing Frank-type stacking faults become tangles of dislocations.,,,,,,,Our results show that the DLDs are networks of elongated dislocation loops or half-loops that originate in the quantum well region during device operation. | Upon further illumination the dislocation loops bounding the vacancies grow by gliding on {111} planes and become hairpin-like dislocation loops.,,,,,,,,,,,,,,,We have used transmission electron microscopy to study the [100] and [010] dark line defects (DLDs) produced after photodegradation of a ZnSSe-based/GaAs heterostructure.,,,We have used transmission electron microscopy to study the [100] and [010] dark line defects (DLDs) produced after photodegradation of a ZnSSe-based/GaAs heterostructure.,,,,,,,,,,,,,,,,,,,,,,,,,Our results show that the DLDs are networks of elongated dislocation loops or half-loops that originate in the quantum well region during device operation.,,,,,,,,,,,
Transmission electron microscopy evidence of the defect structure in Si nanowires synthesized by laser ablation,"Using electron diffraction and high-resolution transmission electron microscopy (HRTEM), we have characterized the microstructure of the Si nanowires synthesized by laser ablation at high temperature.",High density of stacking faults and twins have been observed in the Si core of the nanowires.,,,,,,,,,,,,,,,,,,,,,,,,,,,,,,,,,,,,,,,"Using electron diffraction and high-resolution transmission electron microscopy (HRTEM), we have characterized the microstructure of the Si nanowires synthesized by laser ablation at high temperature.",,,,,,,,,,,,,,,,,,,,"Using electron diffraction and high-resolution transmission electron microscopy (HRTEM), we have characterized the microstructure of the Si nanowires synthesized by laser ablation at high temperature. | As identified by electron diffraction and HRTEM, the nanowire axes are generally along the 〈211〉 direction.",,,,,,,"Using electron diffraction and high-resolution transmission electron microscopy (HRTEM), we have characterized the microstructure of the Si nanowires synthesized by laser ablation at high temperature.",,,,,,,,,,,,
Transmission electron microscopy study of hydrogen defect formation at extended defects in hydrogen plasma treated multicrystalline silicon,,Hydrogen induced structural defects on bulk dislocations and on dislocations in twin grain boundaries and stacking faults are found several microns below the sample surface.,,,,,,,,Hydrogen induced structural defects on bulk dislocations and on dislocations in twin grain boundaries and stacking faults are found several microns below the sample surface. | It is concluded that (i) the passivation efficiency of multicrystalline silicon substrates after H plasma treatment can be limited by the formation of hydrogen induced structural defects and that (ii) such defects can be used to getter unwanted impurities upon high temperature processing of the Si wafers.,,,,,,,,,Hydrogen induced structural defects on bulk dislocations and on dislocations in twin grain boundaries and stacking faults are found several microns below the sample surface.,,,,,,,,,,,,,,,,,,,Hydrogenation of multicrystalline silicon for solar cell applications is considered to be an effective method of increasing the lifetime by passivating defects and impurities. | Hydrogen plasma treated as-cut and chemically etched multicrystalline silicon samples have been studied by electron microscopy in order to investigate hydrogen defect formation at extended bulk defects. | It is concluded that (i) the passivation efficiency of multicrystalline silicon substrates after H plasma treatment can be limited by the formation of hydrogen induced structural defects and that (ii) such defects can be used to getter unwanted impurities upon high temperature processing of the Si wafers.,,,Hydrogen plasma treated as-cut and chemically etched multicrystalline silicon samples have been studied by electron microscopy in order to investigate hydrogen defect formation at extended bulk defects.,,,,,,,,,,,,,,,Hydrogen induced structural defects on bulk dislocations and on dislocations in twin grain boundaries and stacking faults are found several microns below the sample surface.,,,,,,,,Hydrogen plasma treated as-cut and chemically etched multicrystalline silicon samples have been studied by electron microscopy in order to investigate hydrogen defect formation at extended bulk defects.,,,,,,,,,,,,,,,,
Comparative studies of defects in GaAs on silicon substrates using electron‐beam‐induced current and transmission electron microscopy,"We report the use of electron‐beam‐induced current imaging and transmission electron microscopy techniques to examine defects in heteroepitaxial films of GaAs on Si. | Furthermore, in a comparative study of the microstructural character of defects using transmission electron microscopy, we have also identified corresponding regions of high and low defect density. | Moreover, it has been demonstrated that an electron‐beam‐induced current technique is an appropriate alternative to transmission electron microscopy in delineating the contribution and distribution of electrically active of defects in large‐area heteroepitaxial GaAs on silicon samples.",,,,,,"Relatively large areas of dark contrast corresponding to regions of high defect density (enhanced recombination) have been identified. | Furthermore, in a comparative study of the microstructural character of defects using transmission electron microscopy, we have also identified corresponding regions of high and low defect density.",,,,,,,,,,,,,,"We report the use of electron‐beam‐induced current imaging and transmission electron microscopy techniques to examine defects in heteroepitaxial films of GaAs on Si. | Moreover, it has been demonstrated that an electron‐beam‐induced current technique is an appropriate alternative to transmission electron microscopy in delineating the contribution and distribution of electrically active of defects in large‐area heteroepitaxial GaAs on silicon samples.",,,,,,,,,,,,,,,,,,,,"We report the use of electron‐beam‐induced current imaging and transmission electron microscopy techniques to examine defects in heteroepitaxial films of GaAs on Si. | Furthermore, in a comparative study of the microstructural character of defects using transmission electron microscopy, we have also identified corresponding regions of high and low defect density. | Moreover, it has been demonstrated that an electron‐beam‐induced current technique is an appropriate alternative to transmission electron microscopy in delineating the contribution and distribution of electrically active of defects in large‐area heteroepitaxial GaAs on silicon samples.",,,"We report the use of electron‐beam‐induced current imaging and transmission electron microscopy techniques to examine defects in heteroepitaxial films of GaAs on Si. | The electron‐beam‐induced current method has been successfully applied to obtain dark spot micrographs revealing the distribution of electrically active defects in the GaAs epilayer. | The role of electrically active defects in determining the minority carrier lifetimes and diffusion lengths in the GaAs epilayer is also discussed. | Moreover, it has been demonstrated that an electron‐beam‐induced current technique is an appropriate alternative to transmission electron microscopy in delineating the contribution and distribution of electrically active of defects in large‐area heteroepitaxial GaAs on silicon samples.",,,,The electron‐beam‐induced current method has been successfully applied to obtain dark spot micrographs revealing the distribution of electrically active defects in the GaAs epilayer. | The role of electrically active defects in determining the minority carrier lifetimes and diffusion lengths in the GaAs epilayer is also discussed.,,,,,,,,,The electron‐beam‐induced current method has been successfully applied to obtain dark spot micrographs revealing the distribution of electrically active defects in the GaAs epilayer. | The role of electrically active defects in determining the minority carrier lifetimes and diffusion lengths in the GaAs epilayer is also discussed.,,,,,,,,,,,,,,,,The role of electrically active defects in determining the minority carrier lifetimes and diffusion lengths in the GaAs epilayer is also discussed.,,The electron‐beam‐induced current method has been successfully applied to obtain dark spot micrographs revealing the distribution of electrically active defects in the GaAs epilayer. | The role of electrically active defects in determining the minority carrier lifetimes and diffusion lengths in the GaAs epilayer is also discussed.,The role of electrically active defects in determining the minority carrier lifetimes and diffusion lengths in the GaAs epilayer is also discussed.,,,,
Recent Advances in Electron Tomography: TEM and HAADF-STEM Tomography for Materials Science and Semiconductor Applications,"In this article, we evaluate the capabilities and limitations of transmission electron microscopy (TEM) and high-angle-annular-dark-field scanning transmission electron microscopy (HAADF-STEM) tomography for the 3D structural characterization of partially crystalline to highly crystalline materials.",,"In this article, we evaluate the capabilities and limitations of transmission electron microscopy (TEM) and high-angle-annular-dark-field scanning transmission electron microscopy (HAADF-STEM) tomography for the 3D structural characterization of partially crystalline to highly crystalline materials.",,,,,,,,,,,,,,,,,,,,,,,,,,,,,,,,,,,,,,"In this article, we evaluate the capabilities and limitations of transmission electron microscopy (TEM) and high-angle-annular-dark-field scanning transmission electron microscopy (HAADF-STEM) tomography for the 3D structural characterization of partially crystalline to highly crystalline materials.",,,,,,,,,,,,,"Our analysis of catalysts, a hydrogen storage material, and different semiconductor devices shows that features with a diameter as small as 1–2 nm can be resolved in three dimensions by electron tomography. | HAADF-STEM tomography is more versatile and can also be used for high-resolution 3D imaging of highly crystalline materials such as semiconductor devices.",,,,,,,,"In this article, we evaluate the capabilities and limitations of transmission electron microscopy (TEM) and high-angle-annular-dark-field scanning transmission electron microscopy (HAADF-STEM) tomography for the 3D structural characterization of partially crystalline to highly crystalline materials. | HAADF-STEM tomography is more versatile and can also be used for high-resolution 3D imaging of highly crystalline materials such as semiconductor devices.",,,,,,,,,,,,,,,,,,
High Resolution Scanning Transmission Electron Microscopy (S/TEM) Investigation Of Common Defects In Scandium and Aluminum Alloyed β-Ga2O3,,,,,,"Most important among these is a band gap around 4.8 eV, which is 1.4 eV greater than the most well-known and widely used UWBG semiconductor, GaN [3]. | of Merit, which judges viability for application to power electronics, is also nearly four times greater than GaN [1].",,,,,,,,,,,,,,,,,,,,,,,,,,,,,,,,,,,,,,,,,,,,,,,,,,,,,,,,,,"However, the material’s most fundamental constraint is a lack of knowledge about defect formation, behavior, and their impact on properties.",,,,,,,,,,,,,,,,
Defects at nanoscale semiconductor interfaces: Challenges and opportunities,,,,,,,,,,,,,,,,The past 75 years has been an exciting and dynamic time for solid-state electronic materials with advanced micro- and optoelectronic properties but point defects at semiconductor–metal interfaces that limit their operation have been a challenge to understand and control.,,,,,,,,,,,,,,,,,"These defects depend strongly on chemical structure at the intimate interface, and techniques have now developed to learn how their presence at nanoscale dimensions impact electronic structure at the macroscale.",,,,,,,,,,,,,,,,,,,,,,,,,,,,,,,,,,,,,,,,,,,,,,,
"Characterization of microstructure and defects in epitaxial ZnO (112¯0)<math><mrow is=""true""><mo stretchy=""false"" is=""true"">(</mo><mn is=""true"">1</mn><mspace width="".25em"" is=""true""></mspace><mn is=""true"">1</mn><mspace width="".25em"" is=""true""></mspace><mrow is=""true""><mover accent=""true"" is=""true""><mrow is=""true""><mn is=""true"">2</mn></mrow><mo is=""true"">¯</mo></mover></mrow><mspace width="".25em"" is=""true""></mspace><mn is=""true"">0</mn><mo stretchy=""false"" is=""true"">)</mo></mrow></math> films on Al2O3 (11¯02)<math><mrow is=""true""><mo stretchy=""false"" is=""true"">(</mo><mn is=""true"">1</mn><mspace width="".25em"" is=""true""></mspace><mrow is=""true""><mover accent=""true"" is=""true""><mrow is=""true""><mn is=""true"">1</mn></mrow><mo is=""true"">¯</mo></mover></mrow><mspace width="".25em"" is=""true""></mspace><mn is=""true"">0</mn><mspace width="".25em"" is=""true""></mspace><mn is=""true"">2</mn><mo stretchy=""false"" is=""true"">)</mo></mrow></math> substrates by transmission electron microscopy",Microstructure and defects in nonpolar ZnO (112¯0) films with different thicknesses were studied by transmission electron microscopy.,"In addition to the perfect threading dislocations, stacking faults on (0001) planes were observed.",,,"As increasing the film thickness, the diagonal defect was seldom observed and the threading dislocations (in addition to the misfit dislocations) were being the major defects. | In addition to the perfect threading dislocations, stacking faults on (0001) planes were observed.",,,,"The dislocation densities of the 240nm-thick ZnO film were determined to be ∼7.3×1010cm−2 for the dislocations with 〈0001〉 Burgers vector and ∼6.1×109cm−2 for the 13〈112¯0〉 Burgers vector, resulting in the total dislocation density of ∼7.9×1010cm−2.",,,,"The misfit dislocations were observed at the interface with regularly spaced configurations, which were well agreed with the equilibrium spacing of the misfit dislocations calculated based on the lattice misfits. | The diagonal defect along the ZnO [101¯0] and [011¯0] directions and the misfit dislocations were mainly observed in the 30nm-thick ZnO film. | As increasing the film thickness, the diagonal defect was seldom observed and the threading dislocations (in addition to the misfit dislocations) were being the major defects.",,,,,,"The misfit dislocations were observed at the interface with regularly spaced configurations, which were well agreed with the equilibrium spacing of the misfit dislocations calculated based on the lattice misfits. | The diagonal defect along the ZnO [101¯0] and [011¯0] directions and the misfit dislocations were mainly observed in the 30nm-thick ZnO film. | As increasing the film thickness, the diagonal defect was seldom observed and the threading dislocations (in addition to the misfit dislocations) were being the major defects. | The dislocation densities of the 240nm-thick ZnO film were determined to be ∼7.3×1010cm−2 for the dislocations with 〈0001〉 Burgers vector and ∼6.1×109cm−2 for the 13〈112¯0〉 Burgers vector, resulting in the total dislocation density of ∼7.9×1010cm−2. | In addition to the perfect threading dislocations, stacking faults on (0001) planes were observed. | The type of stacking fault was determined to be a type-I1 intrinsic stacking fault having the stacking sequence of (AB‘ABC’BC), which has the Frank partial dislocations with the Burgers vector of 16[022¯3] at the end.",,,The ZnO films were grown on Al2O3 (11¯02) substrates by plasma-assisted molecular beam epitaxy.,,,,,,"The dislocation densities of the 240nm-thick ZnO film were determined to be ∼7.3×1010cm−2 for the dislocations with 〈0001〉 Burgers vector and ∼6.1×109cm−2 for the 13〈112¯0〉 Burgers vector, resulting in the total dislocation density of ∼7.9×1010cm−2. | The type of stacking fault was determined to be a type-I1 intrinsic stacking fault having the stacking sequence of (AB‘ABC’BC), which has the Frank partial dislocations with the Burgers vector of 16[022¯3] at the end.",,,,,,,,,,,,,Microstructure and defects in nonpolar ZnO (112¯0) films with different thicknesses were studied by transmission electron microscopy.,,,,,,,,,"The type of stacking fault was determined to be a type-I1 intrinsic stacking fault having the stacking sequence of (AB‘ABC’BC), which has the Frank partial dislocations with the Burgers vector of 16[022¯3] at the end.",,,,,,,,,,,,,,,,,,,,,,,,,,,,,,
Transmission electron microscopy and cathodoluminescence studies of extended defects in electron-beam-pumped Zn1−xCdxSe/ZnSe blue-green lasers,"To establish a direct correlation between the local luminescence properties and the presence of structural defects, the same thin foil samples were sequentially examined by transmission electron microscopy (TEM) and cathodoluminescence (CL) microscopy.","Stacking faults, as a rule, did not give rise per se to non-radiative recombination centers.",,,The majority of the non-radiative defects were found to have one or more threading dislocations in their vicinity.,,,,,"To establish a direct correlation between the local luminescence properties and the presence of structural defects, the same thin foil samples were sequentially examined by transmission electron microscopy (TEM) and cathodoluminescence (CL) microscopy.","To establish a direct correlation between the local luminescence properties and the presence of structural defects, the same thin foil samples were sequentially examined by transmission electron microscopy (TEM) and cathodoluminescence (CL) microscopy.",,,,,,,,The majority of the non-radiative defects were found to have one or more threading dislocations in their vicinity.,,,,We report on studies of extended defects in electron-beam-pumped Zn1−xCdxSe/ZnSe blue and blue-green laser structures.,,,,,,,,,,,,,,,,,,"To establish a direct correlation between the local luminescence properties and the presence of structural defects, the same thin foil samples were sequentially examined by transmission electron microscopy (TEM) and cathodoluminescence (CL) microscopy.",,,,,,,,,,,,,,,,,,,,,,,,,,,,,,,,,,,,,,,
Structure Analysis of Nanowires and Nanobelts by Transmission Electron Microscopy,"Using ZnO, CdSe, and ZnS as examples, this work addresses the technical details of how to use transmission electron microscopy to correctly analyze the structure of nanowires and nanobelts, including growth direction, side/top surfaces, surface polar direction, surface reconstruction, point defects, dislocations, planar defects, and twin/bicrystal structures.",,,,,,,,,,,,,,,"Using ZnO, CdSe, and ZnS as examples, this work addresses the technical details of how to use transmission electron microscopy to correctly analyze the structure of nanowires and nanobelts, including growth direction, side/top surfaces, surface polar direction, surface reconstruction, point defects, dislocations, planar defects, and twin/bicrystal structures.",,,"Using ZnO, CdSe, and ZnS as examples, this work addresses the technical details of how to use transmission electron microscopy to correctly analyze the structure of nanowires and nanobelts, including growth direction, side/top surfaces, surface polar direction, surface reconstruction, point defects, dislocations, planar defects, and twin/bicrystal structures.",,,,,,,,"Using ZnO, CdSe, and ZnS as examples, this work addresses the technical details of how to use transmission electron microscopy to correctly analyze the structure of nanowires and nanobelts, including growth direction, side/top surfaces, surface polar direction, surface reconstruction, point defects, dislocations, planar defects, and twin/bicrystal structures.",,,"One-dimensional (1D) nanostructures, such as nanowires, nanobelts, and nanorods, are attracting a great deal of research interest due to their unique properties and novel applications. | Structure analysis of 1D nanostructures is an essential part of research because achieving structural control is the key step in controlling properties and device performances. | The methodologies introduced can be applied to a wide range of 1D nanostructures.",,,,,,,,,,,"Using ZnO, CdSe, and ZnS as examples, this work addresses the technical details of how to use transmission electron microscopy to correctly analyze the structure of nanowires and nanobelts, including growth direction, side/top surfaces, surface polar direction, surface reconstruction, point defects, dislocations, planar defects, and twin/bicrystal structures.",,,,,,,,,,,,,,,,,"Using ZnO, CdSe, and ZnS as examples, this work addresses the technical details of how to use transmission electron microscopy to correctly analyze the structure of nanowires and nanobelts, including growth direction, side/top surfaces, surface polar direction, surface reconstruction, point defects, dislocations, planar defects, and twin/bicrystal structures.",,,,,,,,,,,,,,,,,,,,,,
"Probing Functional Structures, Defects, and Interfaces of 2D Transition Metal Dichalcogenides by Electron Microscopy","In this review, the primary focus lies in exploring intrinsic and artificial structures in TMDs and their heterostructures, along with their corresponding properties, through cutting-edge aberration-corrected scanning transmission electron microscopy (STEM) and electron energy loss spectroscopy (EELS).",,"In this review, the primary focus lies in exploring intrinsic and artificial structures in TMDs and their heterostructures, along with their corresponding properties, through cutting-edge aberration-corrected scanning transmission electron microscopy (STEM) and electron energy loss spectroscopy (EELS).",,,,,,,,,,,"It is anticipated that the up-to-date overview provided, along with a glimpse into the future development of STEM-based techniques, will make a substantial contribution to advancing research on 2D materials.","In this review, the primary focus lies in exploring intrinsic and artificial structures in TMDs and their heterostructures, along with their corresponding properties, through cutting-edge aberration-corrected scanning transmission electron microscopy (STEM) and electron energy loss spectroscopy (EELS).",,,,,,,,,,,,,,,,,,,,"2D transition metal dichalcogenides (TMDs) exhibit remarkable properties that are strongly influenced by their atomic structures, as well as by various types of defects and interfaces that can be precisely engineered and controlled.",,,,,,"By providing a comprehensive approach to understand the structure–property–functionality relationship in materials at the atomic scale, electron microscopy, and spectroscopy techniques have emerged as invaluable tools for studying both the static characteristics and dynamic evolutions of 2D TMDs. | In this review, the primary focus lies in exploring intrinsic and artificial structures in TMDs and their heterostructures, along with their corresponding properties, through cutting-edge aberration-corrected scanning transmission electron microscopy (STEM) and electron energy loss spectroscopy (EELS).",,,,,,,,,,,,,,,,,,,"2D transition metal dichalcogenides (TMDs) exhibit remarkable properties that are strongly influenced by their atomic structures, as well as by various types of defects and interfaces that can be precisely engineered and controlled.",,"In this review, the primary focus lies in exploring intrinsic and artificial structures in TMDs and their heterostructures, along with their corresponding properties, through cutting-edge aberration-corrected scanning transmission electron microscopy (STEM) and electron energy loss spectroscopy (EELS). | It is anticipated that the up-to-date overview provided, along with a glimpse into the future development of STEM-based techniques, will make a substantial contribution to advancing research on 2D materials.",,,,,,,,,,,,,,,,,,
Transmission Electron Microscopy Observation of Defects Induced by Fe Contamination on Si(100) Surface,"Transmission Electron Microscopy Observation of Defects Induced by Fe Contamination on Si(100) Surface, Sadamitsu, Shinsuke, Sasaki, Ayako, Hourai, Masataka, Shigeo Sumita, Shigeo Sumita, Nobukatsu Fujino, Nobukatsu Fujino",,,,,,,,,,,,,,,,,,,,,,,,,,,,,,,,,,,,,,,,"Transmission Electron Microscopy Observation of Defects Induced by Fe Contamination on Si(100) Surface, Sadamitsu, Shinsuke, Sasaki, Ayako, Hourai, Masataka, Shigeo Sumita, Shigeo Sumita, Nobukatsu Fujino, Nobukatsu Fujino",,,,,,,,,,,,,,,,,,,,,,,,,,,,,,,,,,,,,,,
Transmission electron microscopy study on defect reduction in GaAs on Si heteroepitaxial layers grown by metalorganic vapor phase epitaxy,Systematic transmission electron microscopy (TEM) investigations on defect configurations in heteroepitaxial GaAs on Si grown by metalorganic vapor phase epitaxy (MOVPE) are reported.,,,,,Systematic transmission electron microscopy (TEM) investigations on defect configurations in heteroepitaxial GaAs on Si grown by metalorganic vapor phase epitaxy (MOVPE) are reported.,The effect of TC annealing and the role of the (AlGa)As interlayer in combination with the TC-annealing process in the reduction of the defect density are discussed on the basis of the TEM observations.,,"By introducing a thin (AlGa)As layer between the low-temperature and the high-temperature GaAs layer, a significant reduction of the dislocation density in the upper GaAs layer is observed after thermal-cycle (TC) annealing.",,,,,,,,,,The characteristics of dislocations in both as-grown and TC-annealed wafers are analyzed.,,Systematic transmission electron microscopy (TEM) investigations on defect configurations in heteroepitaxial GaAs on Si grown by metalorganic vapor phase epitaxy (MOVPE) are reported.,,,,,,,,,,,,,,,,,,,,Systematic transmission electron microscopy (TEM) investigations on defect configurations in heteroepitaxial GaAs on Si grown by metalorganic vapor phase epitaxy (MOVPE) are reported.,,,"Systematic transmission electron microscopy (TEM) investigations on defect configurations in heteroepitaxial GaAs on Si grown by metalorganic vapor phase epitaxy (MOVPE) are reported. | The GaAs layers were deposited on Si by the conventional two-step growth mode. | By introducing a thin (AlGa)As layer between the low-temperature and the high-temperature GaAs layer, a significant reduction of the dislocation density in the upper GaAs layer is observed after thermal-cycle (TC) annealing.",,Systematic transmission electron microscopy (TEM) investigations on defect configurations in heteroepitaxial GaAs on Si grown by metalorganic vapor phase epitaxy (MOVPE) are reported.,,,,,,,,,,,,,,,,Systematic transmission electron microscopy (TEM) investigations on defect configurations in heteroepitaxial GaAs on Si grown by metalorganic vapor phase epitaxy (MOVPE) are reported.,,,,,,,,,,,,,,,,,,
Selective photoetching and transmission electron microscopy studies of defects in heteroepitaxial GaN,"Transmission electron microscopy (TEM) confirmed a one-to-one correspondence between the whiskers and straight threading dislocations, which are mainly of edge and mixed type.",,,,"Transmission electron microscopy (TEM) confirmed a one-to-one correspondence between the whiskers and straight threading dislocations, which are mainly of edge and mixed type.","Photoelectrochemical (PEC) etching has been used to study defects in heteroepitaxial GaN layers. | Based on the mechanism of PEC etching of GaN in aqueous KOH solutions, it is argued that inversion domain boundaries are electrically active defects.",,,,,,,,,,,,,"In Ga-polar layers PEC etching reveals only dislocations in the form of filamentary etch features (whiskers). | Transmission electron microscopy (TEM) confirmed a one-to-one correspondence between the whiskers and straight threading dislocations, which are mainly of edge and mixed type. | In N-polar layers, apart from dislocations, inversion domains (IDs) also give rise to the formation of more complex etch features that also have been confirmed by TEM.",,,,,,,,,,,,,,,,,,"Based on the mechanism of PEC etching of GaN in aqueous KOH solutions, it is argued that inversion domain boundaries are electrically active defects.",,,"In N-polar layers, apart from dislocations, inversion domains (IDs) also give rise to the formation of more complex etch features that also have been confirmed by TEM.","Transmission electron microscopy (TEM) confirmed a one-to-one correspondence between the whiskers and straight threading dislocations, which are mainly of edge and mixed type.",,,,,,,"Based on the mechanism of PEC etching of GaN in aqueous KOH solutions, it is argued that inversion domain boundaries are electrically active defects.",,,,,,,,,,,,,,,,,,,,,,,,,,,,,,,,
Transmission electron microscopy studies of defects in HgCdTe device structures grown by molecular beam epitaxy,Transmission electron microscopy (TEM) was used to evaluate the microstructure of molecular beam epitaxy (MBE) grown (211)B oriented HgCdTe films.,,,,"Under fully optimized growth conditions the substrate-epilayer interface is free of threading dislocations and twins, and a high degree of structural integrity is retained throughout the entire device structure. | TEM evaluation of voids, threading dislocations and Te-precipitates in HgCdTe films are also discussed.",,,,,,,,,,,,,,"Under fully optimized growth conditions the substrate-epilayer interface is free of threading dislocations and twins, and a high degree of structural integrity is retained throughout the entire device structure. | TEM evaluation of voids, threading dislocations and Te-precipitates in HgCdTe films are also discussed.",,,Transmission electron microscopy (TEM) was used to evaluate the microstructure of molecular beam epitaxy (MBE) grown (211)B oriented HgCdTe films.,,,,,,,,,TEM analysis of in-situ doped p-on-n and n-p-n device structures will be presented.,,,,,,,,,,Transmission electron microscopy (TEM) was used to evaluate the microstructure of molecular beam epitaxy (MBE) grown (211)B oriented HgCdTe films.,,,,,,,,,,,,,,,,"Under fully optimized growth conditions the substrate-epilayer interface is free of threading dislocations and twins, and a high degree of structural integrity is retained throughout the entire device structure.",,,,,,,,,,,,,,,,,,,,,,,
Surface Defects in Polished Silicon Studied by Cross-Sectional Transmission Electron Microscopy,,,,,,,,,"Syton polishing results in very smooth surfaces, with no signs of abrasive grooving or dislocation density.",,,,,,,,,,,,,,,,,Mild diamond polishing results in small-scale abrasive grooving and production of superficial dislocation loops of 1/2〈110〉111 type.,,,,,,,,,,,,,,,,,,,,,,,,,,,,,,,,,,,,,,,,,,,,,"The cross-sectional TEM technique is applied to Si(100) surfaces, which are exposed to mild polishing with diamond paste in the 0.25- to 6-μm-size range as well as with the commercial polishing medium Syton HT 50.",,,,,,,,,
Distribution of polarized-cathodoluminescence around the structural defects in ZnSe/GaAs(001) studied by transmission electron microscopy,,,,,,The spatial distribution of the polarized cathodoluminescence (CL) emissions from thin ZnSe films grown by metalorganic vapor phase epitaxy method on GaAs(001) has been examined by a low-temperature polarized CL measurement system combined with a transmission electron microscope.,,,,,The spatial distribution of the polarized cathodoluminescence (CL) emissions from thin ZnSe films grown by metalorganic vapor phase epitaxy method on GaAs(001) has been examined by a low-temperature polarized CL measurement system combined with a transmission electron microscope.,,,,,,,,It is found that the Y0 and Y1 emissions come from the regions near dislocation tangles and near individual dislocations.,,,,,,,,,,,,,,,,,,,,,,,,,The spatial distribution of the polarized cathodoluminescence (CL) emissions from thin ZnSe films grown by metalorganic vapor phase epitaxy method on GaAs(001) has been examined by a low-temperature polarized CL measurement system combined with a transmission electron microscope.,,The spatial distribution of the polarized cathodoluminescence (CL) emissions from thin ZnSe films grown by metalorganic vapor phase epitaxy method on GaAs(001) has been examined by a low-temperature polarized CL measurement system combined with a transmission electron microscope.,The spatial distribution of the polarized cathodoluminescence (CL) emissions from thin ZnSe films grown by metalorganic vapor phase epitaxy method on GaAs(001) has been examined by a low-temperature polarized CL measurement system combined with a transmission electron microscope.,,,,,,,,,,,,,,,The spatial distribution of the polarized cathodoluminescence (CL) emissions from thin ZnSe films grown by metalorganic vapor phase epitaxy method on GaAs(001) has been examined by a low-temperature polarized CL measurement system combined with a transmission electron microscope.,,,It is found that the Y0 and Y1 emissions come from the regions near dislocation tangles and near individual dislocations.,,,,,,,,,,,,,,,
Cathodoluminescence and Transmission Electron Microscopy Study of the Influence of Crystal Defects on Optical Transitions in GaN,Defect related states and excitonic transitions in epitaxial GaN have been studied by combining cathodoluminescence and transmission electron microscopy.,An excitonic transition at 3.41 eV close to the near band edge line on differently grown epitaxial GaN has been correlated to stacking faults.,,,The consequences of our model with respect to non radiative transitions at threading dislocations are also presented.,"Defect related states and excitonic transitions in epitaxial GaN have been studied by combining cathodoluminescence and transmission electron microscopy. | A series of deep levels with energies at about 2.4, 2.6 and 2.8 eV has been found by low temperature cathodoluminescence on free-standing 150 μm thick epitaxial GaN. | An excitonic transition at 3.41 eV close to the near band edge line on differently grown epitaxial GaN has been correlated to stacking faults.",,,,,"Defect related states and excitonic transitions in epitaxial GaN have been studied by combining cathodoluminescence and transmission electron microscopy. | A series of deep levels with energies at about 2.4, 2.6 and 2.8 eV has been found by low temperature cathodoluminescence on free-standing 150 μm thick epitaxial GaN.",,,,,,,,The consequences of our model with respect to non radiative transitions at threading dislocations are also presented.,,,,,,,,,,,,,,,,,,,,,,Defect related states and excitonic transitions in epitaxial GaN have been studied by combining cathodoluminescence and transmission electron microscopy.,,,,,,,,,,,,,,,,,,,,,,,,,,,,This line can be explained by a model based on the concept of excitons bound to SFs that form a quantum well of cubic material in the wurtzite lattice of the layer.,,,,,,,,,,,
Analysis of V defects in GaN-based light emitting diodes by scanning transmission electron microscopy and electron beam induced current,"Scanning transmission electron microscopy is capable of directly observing these defects, while electron beam induced current (EBIC) techniques can be used to probe electronic behavior of semiconductor defects.",,"Scanning transmission electron microscopy is capable of directly observing these defects, while electron beam induced current (EBIC) techniques can be used to probe electronic behavior of semiconductor defects.",,,"In the fabrication of InGaN∕GaN multiple quantum well light emitting diodes so-called V defects are common, but little is known about their electrical activity.",,,,,,,,,,,,,,,,,,,"Scanning transmission electron microscopy is capable of directly observing these defects, while electron beam induced current (EBIC) techniques can be used to probe electronic behavior of semiconductor defects.",,,,,,,,,,,"Scanning transmission electron microscopy is capable of directly observing these defects, while electron beam induced current (EBIC) techniques can be used to probe electronic behavior of semiconductor defects.",,,,,"Scanning transmission electron microscopy is capable of directly observing these defects, while electron beam induced current (EBIC) techniques can be used to probe electronic behavior of semiconductor defects.",,,,,,,,,,,,These techniques were combined to obtain localized measurements and our results indicate that V defects suppress the EBIC signal near the core of the defect and produce a displacement in the p-n junction location.,,,,,,,,,,,,,,"In the fabrication of InGaN∕GaN multiple quantum well light emitting diodes so-called V defects are common, but little is known about their electrical activity.",,"In the fabrication of InGaN∕GaN multiple quantum well light emitting diodes so-called V defects are common, but little is known about their electrical activity.",,,,"Furthermore, the EBIC profile suggests that minority carrier diffusion lengths are longer inside the defect.",,,,,,,
Transmission Electron Microscopy-Based Analysis of Electrically Conductive Surface Defects in Large Area GaSb Homoepitaxial Diodes Grown Using Molecular Beam Epitaxy,The diodes in this study are electrically characterized and the defect formation mechanism is investigated using cross-section transmission electron microscopy and electron dispersive spectroscopy.,,,,,,,,,,,,,,,,,,,,,We investigate a mechanism causing shorting of large area GaSb diodes grown on GaSb substrates using molecular beam epitaxy (MBE).,,,,,,,,,,,,,,,,,,,The diodes in this study are electrically characterized and the defect formation mechanism is investigated using cross-section transmission electron microscopy and electron dispersive spectroscopy.,,,,,,,,,,,,,,,,,"The gallium droplets cause defects in the crystal structure, and, as the epitaxy continues, the gallium is incorporated into the surrounding material.",,,,,,The diodes in this study are electrically characterized and the defect formation mechanism is investigated using cross-section transmission electron microscopy and electron dispersive spectroscopy.,,,,,,,,,,,,,The diodes in this study are electrically characterized and the defect formation mechanism is investigated using cross-section transmission electron microscopy and electron dispersive spectroscopy.,,,
Chapter 6 - Atomic structure of defects in transitional metal dichalcogenides using transmission electron microscopy,"Here, we cover how transmission electron microscopy (TEM) can be used to provide atomic-resolution studies of defect structures in monolayer/bilayer TMDs.",,,,,,,,,,,,,"A brief overview is included on the pristine crystalline structures and properties of 2D materials, as well as the development of TEM.",,,,,,,,,,,,,,,,,,,,,"Two-dimensional (2D) transition metal dichalcogenides (TMDs), a burgeoning family of layered materials, have been offering researchers a fertile ground for harvesting novel properties and versatile applications.",,,,,,"Here, we cover how transmission electron microscopy (TEM) can be used to provide atomic-resolution studies of defect structures in monolayer/bilayer TMDs.",,,,,,,,,,,,,,,,,,,,,"The defects summarized in this review are mainly categorized into intrinsic and extrinsic ones, based on whether foreign atoms are incorporated into the pure TMD system.",,,,,,,,,,,,,,,,,,
A machine perspective of atomic defects in scanning transmission electron microscopy,"Enabled by the advances in aberration-corrected scanning transmission electron microscopy (STEM), atomic-resolution real space imaging of materials has allowed a direct structure-property investigation.",,"Enabled by the advances in aberration-corrected scanning transmission electron microscopy (STEM), atomic-resolution real space imaging of materials has allowed a direct structure-property investigation.",,,,,,,"Subsequently, we systematically review advanced data analysis methods that have demonstrated promising prospects in analyzing STEM data, particularly for identifying structural defects, with high throughput and veracity.",,,,,,,,,,,,,,,,,,,,,,,,,,,,,,,"Enabled by the advances in aberration-corrected scanning transmission electron microscopy (STEM), atomic-resolution real space imaging of materials has allowed a direct structure-property investigation.",,,,,,,,,,,,,,,,,,,A unified framework for atomic structure identification is also summarized.,,"Enabled by the advances in aberration-corrected scanning transmission electron microscopy (STEM), atomic-resolution real space imaging of materials has allowed a direct structure-property investigation. | New ideas in the field of computer vision and machine learning have provided more momentum to harness the wealth of big data and sophisticated information in STEM data analytics, which has transformed STEM from a localized characterization technique to a macroscopic tool with intelligence. | Subsequently, we systematically review advanced data analysis methods that have demonstrated promising prospects in analyzing STEM data, particularly for identifying structural defects, with high throughput and veracity.",,,,,,,,,,,,,,,,,,
Crystal structure and defects visualization of Cu2ZnSnS4 nanoparticles employing transmission electron microscopy and electron diffraction,,"The material exhibited dislocations, along with lamellar twins and stacking faults characterized by local hexagonal structure on {112} planes.",,These studies provide key information on nanoscale crystal defects which may have important consequence on the performance of CZTS photovoltaic devices.,,,,,,,,,,,,,,,"The material exhibited dislocations, along with lamellar twins and stacking faults characterized by local hexagonal structure on {112} planes.",,,,,,,,,,,The nanostructures were investigated as-grown and after vacuum thermal treatment at 550°C.,,,,,,,,,,,,,,,,,,,"A detailed analysis of the structure of Cu2ZnSnS4 (CZTS) nanocrystals synthesized by hot-injection in the presence of oleylamine is provided employing high resolution TEM, selected area electron diffraction (SAED) and convergent beam electron diffraction (CBED).",,,,,,,,,,,,"A detailed analysis of the structure of Cu2ZnSnS4 (CZTS) nanocrystals synthesized by hot-injection in the presence of oleylamine is provided employing high resolution TEM, selected area electron diffraction (SAED) and convergent beam electron diffraction (CBED).",,,,,,,,,,,,,,,,,,,
Analysis of contacts and V-defects in GaN device structures by transmission electron microscopy,"A combination of different transmission electron microscopy (TEM) techniques has been employed, as they provide complementary information.",,,,,"This paper describes the microstructure of ohmic contacts to an AlGaN/ GaN heterostructure, of interest for high power transistors, and an analysis of V-defects in an InGaN/GaN multi-quantum well (MQW) light-emitting structure. | The MQW structures were capped with a p-type GaN layer, and TEM and ADF studies of the samples show a number of V-defects 100–200 nm apart along the MQW. | The defects contain GaN with no InGaN layers, suggesting the V-pits have been filled in by the capping layer.",,,,,,,,,,,,,,,,,,,,,,,,,,,,,,,,,,,"A combination of different transmission electron microscopy (TEM) techniques has been employed, as they provide complementary information. | These include bright field and dark field TEM, high-resolution electron microscopy, X-ray mapping, energy filtered TEM and high angle annular dark field.",,,,,,,,,,"These include bright field and dark field TEM, high-resolution electron microscopy, X-ray mapping, energy filtered TEM and high angle annular dark field.",,,,,,,,,,,,,,,,,,"This paper describes the microstructure of ohmic contacts to an AlGaN/ GaN heterostructure, of interest for high power transistors, and an analysis of V-defects in an InGaN/GaN multi-quantum well (MQW) light-emitting structure.",,,,,,,,,,,
Structural defects in GaN revealed by transmission electron microscopy,"Structural defects in GaN revealed by transmission electron microscopy, Liliental-Weber, Zuzanna",,,,,"Structural defects in GaN revealed by transmission electron microscopy, Liliental-Weber, Zuzanna",,,,"Structural defects in GaN revealed by transmission electron microscopy, Liliental-Weber, Zuzanna",,,,,,,,,,,,,,,,,,,,,,,,,,,,,,,"Structural defects in GaN revealed by transmission electron microscopy, Liliental-Weber, Zuzanna",,,,,,,,,,,,,,,,,,,,,,,,,,,,,,,,,,,,,,,
Diffuse x-ray scattering and transmission electron microscopy study of defects in antimony-implanted silicon,"In this work, the formation of inactive antimony structures has been studied with grazing incidence diffuse x-ray scattering, and transmission electron microscopy, and the results are correlated to previous high-resolution x-ray diffraction data. | This value is consistent with the features observed in high-resolution and mass contrast transmission electron microscopy images.",,,,,,,,,,,,,,,,,,,,,,,"Upon subsequent thermal annealing, however, these metastable dopants deactivate towards the equilibrium solubility limit.",,,,,,,,,,,,,,,,,"In this work, the formation of inactive antimony structures has been studied with grazing incidence diffuse x-ray scattering, and transmission electron microscopy, and the results are correlated to previous high-resolution x-ray diffraction data. | This value is consistent with the features observed in high-resolution and mass contrast transmission electron microscopy images.",,"In addition, the sensitivity of the diffuse x-ray scattering technique has allowed us to detect the presence of small clusters of radius ∼2 Å in unprocessed Czochralski silicon wafers.",,,,,,,,,,,,,,,,,,,,"In addition, the sensitivity of the diffuse x-ray scattering technique has allowed us to detect the presence of small clusters of radius ∼2 Å in unprocessed Czochralski silicon wafers. | These defects are not observed in floating zone silicon wafers, and are tentatively attributed to thermal donors.",,,,,,,,,,,,,,,,,
Localization and preparation of recombination-active extended defects for transmission electron microscopy analysis,Recombination-active extended defects in semiconductors frequently occur at a low density which makes their structural and chemical analysis by transmission electron microscopy (TEM) techniques virtually impossible.,,,,,,,,,,,,,,,,,,,,,,Recombination-active extended defects in semiconductors frequently occur at a low density which makes their structural and chemical analysis by transmission electron microscopy (TEM) techniques virtually impossible.,,,,,,,,,,,,,Here an approach is described that uses in situ electron beam induced current (EBIC) in a focused ion beam machine to localize such defects for TEM lamella preparation.,,"As an example, a defect complex occurring in block-cast multicrystalline silicon with a density of less than 104 cm−3 has been prepared and analyzed by TEM.",,,Recombination-active extended defects in semiconductors frequently occur at a low density which makes their structural and chemical analysis by transmission electron microscopy (TEM) techniques virtually impossible.,,,,,,,,,,,,,,,,,,,,,,,,,,,,,,,,,Recombination-active extended defects in semiconductors frequently occur at a low density which makes their structural and chemical analysis by transmission electron microscopy (TEM) techniques virtually impossible.,,,,,,
Analysis of crystal defects by scanning transmission electron microscopy (STEM) in a modern scanning electron microscope,"As of now, transmission electron microscopy (TEM) is the most frequently used technique to study the properties of single dislocations and stacking faults. | Based on the reciprocity theorem, scanning transmission electron microscopy (STEM) can also be applied for defect characterization, but has been less frequently used up to now.","Dislocations and stacking faults are important crystal defects, because they strongly influence material properties. | As of now, transmission electron microscopy (TEM) is the most frequently used technique to study the properties of single dislocations and stacking faults. | Specifically, the Burgers vector b of dislocations or displacement vector R of stacking faults can be determined on the basis of the g·b = n (g·R = n) criterion by setting up different two-beam diffraction conditions with an imaging vector g. | In this work, we demonstrate g·b = n (g·R = n) analyses of dislocations and stacking faults in GaN by STEM imaging in a scanning electron microscope.","Based on the reciprocity theorem, scanning transmission electron microscopy (STEM) can also be applied for defect characterization, but has been less frequently used up to now.","Dislocations and stacking faults are important crystal defects, because they strongly influence material properties.",,"In this work, we demonstrate g·b = n (g·R = n) analyses of dislocations and stacking faults in GaN by STEM imaging in a scanning electron microscope.",,,,,,,,,,,,"Based on the reciprocity theorem, scanning transmission electron microscopy (STEM) can also be applied for defect characterization, but has been less frequently used up to now.","Dislocations and stacking faults are important crystal defects, because they strongly influence material properties. | As of now, transmission electron microscopy (TEM) is the most frequently used technique to study the properties of single dislocations and stacking faults. | Specifically, the Burgers vector b of dislocations or displacement vector R of stacking faults can be determined on the basis of the g·b = n (g·R = n) criterion by setting up different two-beam diffraction conditions with an imaging vector g. | In this work, we demonstrate g·b = n (g·R = n) analyses of dislocations and stacking faults in GaN by STEM imaging in a scanning electron microscope.",,,,,,,,,"Specifically, the Burgers vector b of dislocations or displacement vector R of stacking faults can be determined on the basis of the g·b = n (g·R = n) criterion by setting up different two-beam diffraction conditions with an imaging vector g.",,,,,,,,,,,,,"As of now, transmission electron microscopy (TEM) is the most frequently used technique to study the properties of single dislocations and stacking faults. | Based on the reciprocity theorem, scanning transmission electron microscopy (STEM) can also be applied for defect characterization, but has been less frequently used up to now.",,,,,,,,,,,,,,,,,,,,,"Based on the reciprocity theorem, scanning transmission electron microscopy (STEM) can also be applied for defect characterization, but has been less frequently used up to now. | In this work, we demonstrate g·b = n (g·R = n) analyses of dislocations and stacking faults in GaN by STEM imaging in a scanning electron microscope. | The instrument is equipped with a STEM detector, double-tilt TEM specimen holder, and a charge-coupled-device camera for the acquisition of on-axis diffraction patterns.",,,,,,,,,,,,,,,,,,
Structural defects in cubic semiconductors characterized by aberration-corrected scanning transmission electron microscopy,"Besides a few selected examples from literature, we treat in particular crystal defects occurring in GaAs/Si, Ge/Si and β-SiC/Si structures which are studied by high-resolution annular dark-ﬁeld scanning transmission electron microscopy.",,"Besides a few selected examples from literature, we treat in particular crystal defects occurring in GaAs/Si, Ge/Si and β-SiC/Si structures which are studied by high-resolution annular dark-ﬁeld scanning transmission electron microscopy.","In particular, one- and two-dimensional crystal defects are being discussed which are due to the plastic relaxation of epitaxial strain caused by the misﬁt of crystal lattices. | Besides a few selected examples from literature, we treat in particular crystal defects occurring in GaAs/Si, Ge/Si and β-SiC/Si structures which are studied by high-resolution annular dark-ﬁeld scanning transmission electron microscopy.",,,,,,This article provides a concise review about structural defects which occur in semiconductor heterostructures on the basis of micro-patterned Si substrates.,,"The relevance of this article is twofold; ﬁrstly, it should provide a collection of data which are of help for the identiﬁcation and characterization of defects in cubic semiconductors by means of atomic-resolution imaging, and secondly, the experimental data shall provide a basis for advancing the understanding of device characteristics with the aid of theoretical modelling by considering the defective nature of strained semiconductor heterostructures.",,,,,,,,,,,,,,,,,"The development of new electro-optical devices and the realization of novel types of transistors require a profound understanding of the structural characteristics of new semiconductor heterostructures. | This article provides a concise review about structural defects which occur in semiconductor heterostructures on the basis of micro-patterned Si substrates. | The relevance of this article is twofold; ﬁrstly, it should provide a collection of data which are of help for the identiﬁcation and characterization of defects in cubic semiconductors by means of atomic-resolution imaging, and secondly, the experimental data shall provide a basis for advancing the understanding of device characteristics with the aid of theoretical modelling by considering the defective nature of strained semiconductor heterostructures.",,,,,,,,,,,,"Besides a few selected examples from literature, we treat in particular crystal defects occurring in GaAs/Si, Ge/Si and β-SiC/Si structures which are studied by high-resolution annular dark-ﬁeld scanning transmission electron microscopy.",,,"Besides a few selected examples from literature, we treat in particular crystal defects occurring in GaAs/Si, Ge/Si and β-SiC/Si structures which are studied by high-resolution annular dark-ﬁeld scanning transmission electron microscopy.",,,,,,,,,,,,,,,,,,,,,,,,,,,,,,,,,,,,
